{"cameraMode":{"drawMode":0,"name":"Shaded","section":"Shading Mode"},"sceneLighting":false,"audioPlay":false,"sceneViewState":{"showFog":true,"showMaterialUpdate":false,"showSkybox":false,"showFlares":true,"showImageEffects":true,"showParticleSystems":true},"in2DMode":false,"pivot":{"x":392.2266540527344,"y":937.8028564453125,"z":-131.69253540039063},"rotation":{"x":0.16499845683574677,"y":-0.5040494799613953,"z":0.09876399487257004,"w":0.8420203924179077},"size":5.172052383422852,"orthographic":true}