{"cameraMode":{"drawMode":0,"name":"Shaded","section":"Shading Mode"},"sceneLighting":false,"audioPlay":false,"sceneViewState":{"showFog":true,"showMaterialUpdate":false,"showSkybox":false,"showFlares":true,"showImageEffects":true,"showParticleSystems":true},"in2DMode":false,"pivot":{"x":-1.9034042358398438,"y":14.25255012512207,"z":29.6549072265625},"rotation":{"x":-0.09849268943071366,"y":-0.11408553272485733,"z":0.011367499828338623,"w":-0.9885163307189941},"size":175.90621948242188,"orthographic":false}