{"cameraMode":{"drawMode":0,"name":"Shaded","section":"Shading Mode"},"sceneLighting":false,"audioPlay":false,"sceneViewState":{"showFog":true,"showMaterialUpdate":false,"showSkybox":false,"showFlares":true,"showImageEffects":true,"showParticleSystems":true},"in2DMode":false,"pivot":{"x":-0.7847433090209961,"y":-0.49522852897644045,"z":0.1341613233089447},"rotation":{"x":0.4087529182434082,"y":-0.572411835193634,"z":0.39667123556137087,"w":0.5898473858833313},"size":3.684704065322876,"orthographic":true}