{"cameraMode":{"drawMode":0,"name":"Shaded","section":"Shading Mode"},"sceneLighting":false,"audioPlay":false,"sceneViewState":{"showFog":true,"showMaterialUpdate":false,"showSkybox":false,"showFlares":true,"showImageEffects":true,"showParticleSystems":true},"in2DMode":false,"pivot":{"x":392.7588806152344,"y":933.7395629882813,"z":-128.38262939453126},"rotation":{"x":0.08923003077507019,"y":-0.7218355536460877,"z":0.0947248712182045,"w":0.6797633171081543},"size":467.9066467285156,"orthographic":true}