{"cameraMode":{"drawMode":0,"name":"Shaded","section":"Shading Mode"},"sceneLighting":false,"audioPlay":false,"sceneViewState":{"showFog":true,"showMaterialUpdate":false,"showSkybox":false,"showFlares":true,"showImageEffects":true,"showParticleSystems":true},"in2DMode":false,"pivot":{"x":0.005676835775375366,"y":1.097625970840454,"z":1.0447735786437989},"rotation":{"x":0.14594735205173493,"y":0.05398375913500786,"z":0.007976176217198372,"w":-0.9877878427505493},"size":3.2533977031707765,"orthographic":false}