{"cameraMode":{"drawMode":0,"name":"Shaded","section":"Shading Mode"},"sceneLighting":false,"audioPlay":false,"sceneViewState":{"showFog":true,"showMaterialUpdate":false,"showSkybox":false,"showFlares":true,"showImageEffects":true,"showParticleSystems":true},"in2DMode":false,"pivot":{"x":0.7771776914596558,"y":1.5459744930267335,"z":2.273533821105957},"rotation":{"x":0.11887896060943604,"y":-0.09309439361095429,"z":-0.011196069419384003,"w":-0.9884733557701111},"size":6.415057182312012,"orthographic":false}