{"cameraMode":{"drawMode":0,"name":"Shaded","section":"Shading Mode"},"sceneLighting":false,"audioPlay":false,"sceneViewState":{"showFog":true,"showMaterialUpdate":false,"showSkybox":false,"showFlares":true,"showImageEffects":true,"showParticleSystems":true},"in2DMode":false,"pivot":{"x":0.2718071937561035,"y":0.43878111243247988,"z":-0.13188838958740235},"rotation":{"x":0.011670581065118313,"y":-0.057866618037223819,"z":-0.0006767898448742926,"w":-0.9982578158378601},"size":2.656646251678467,"orthographic":false}