{"cameraMode":{"drawMode":0,"name":"Shaded","section":"Shading Mode"},"sceneLighting":false,"audioPlay":false,"sceneViewState":{"showFog":true,"showMaterialUpdate":false,"showSkybox":false,"showFlares":true,"showImageEffects":true,"showParticleSystems":true},"in2DMode":false,"pivot":{"x":0.8085115551948547,"y":0.03845006227493286,"z":0.9635844230651856},"rotation":{"x":0.08345256000757218,"y":-0.05766803398728371,"z":-0.004837547894567251,"w":-0.9948296546936035},"size":4.23123836517334,"orthographic":false}