{"cameraMode":{"drawMode":0,"name":"Shaded","section":"Shading Mode"},"sceneLighting":false,"audioPlay":false,"sceneViewState":{"showFog":true,"showMaterialUpdate":false,"showSkybox":false,"showFlares":true,"showImageEffects":true,"showParticleSystems":true},"in2DMode":false,"pivot":{"x":-2.9220972061157228,"y":-1.8083951473236085,"z":1.9384865760803223},"rotation":{"x":0.07674895972013474,"y":-0.14840167760849,"z":-0.01154914777725935,"w":-0.9858866930007935},"size":12.075410842895508,"orthographic":false}