{"cameraMode":{"drawMode":0,"name":"Shaded","section":"Shading Mode"},"sceneLighting":false,"audioPlay":false,"sceneViewState":{"showFog":true,"showMaterialUpdate":false,"showSkybox":false,"showFlares":true,"showImageEffects":true,"showParticleSystems":true},"in2DMode":false,"pivot":{"x":-0.10304510593414307,"y":1.47422456741333,"z":0.1032402515411377},"rotation":{"x":0.08345256000757218,"y":-0.05766803398728371,"z":-0.004837547894567251,"w":-0.9948296546936035},"size":10.461455345153809,"orthographic":false}