{"cameraMode":{"drawMode":0,"name":"Shaded","section":"Shading Mode"},"sceneLighting":false,"audioPlay":false,"sceneViewState":{"showFog":true,"showMaterialUpdate":false,"showSkybox":false,"showFlares":true,"showImageEffects":true,"showParticleSystems":true},"in2DMode":false,"pivot":{"x":0.2251175045967102,"y":0.3108934760093689,"z":-0.1234438419342041},"rotation":{"x":0.011670581065118313,"y":-0.057866618037223819,"z":-0.0006767898448742926,"w":-0.9982578158378601},"size":2.656646251678467,"orthographic":false}