{"cameraMode":{"drawMode":0,"name":"Shaded","section":"Shading Mode"},"sceneLighting":false,"audioPlay":false,"sceneViewState":{"showFog":true,"showMaterialUpdate":false,"showSkybox":false,"showFlares":true,"showImageEffects":true,"showParticleSystems":true},"in2DMode":false,"pivot":{"x":0.6942845582962036,"y":-0.368740439414978,"z":1.0182685852050782},"rotation":{"x":0.02217087335884571,"y":-0.039882540702819827,"z":-0.0008851467282511294,"w":-0.9989578723907471},"size":3.3312385082244875,"orthographic":false}